<?xml version="1.0" encoding="UTF-8"?>

<beans xmlns="http://www.springframework.org/schema/beans"
	xmlns:p="http://www.springframework.org/schema/p"
	xmlns:xsi="http://www.w3.org/2001/XMLSchema-instance"
	xmlns:util="http://www.springframework.org/schema/util"
	xsi:schemaLocation="http://www.springframework.org/schema/beans http://www.springframework.org/schema/beans/spring-beans.xsd 
	http://www.springframework.org/schema/util http://www.springframework.org/schema/util/spring-util.xsd">

	
	
	<bean id="indentReport" class="org.springframework.web.servlet.view.jasperreports.JasperReportsMultiFormatView">

		<property name="url" value="classpath:jasper/Blank_A4.jrxml"/>
		<property name="exporterParameters">
       		 <map>
            	<entry key="net.sf.jasperreports.engine.export.JRXlsAbstractExporterParameter.IS_WHITE_PAGE_BACKGROUND">
               	 	<value>false</value>
            	</entry>
            	<entry key="net.sf.jasperreports.engine.export.JRXlsAbstractExporterParameter.IS_DETECT_CELL_TYPE">
               	 	<value>true</value>
            	</entry>
            	<entry key="net.sf.jasperreports.engine.export.JRXlsAbstractExporterParameter.IS_REMOVE_EMPTY_SPACE_BETWEEN_ROWS">
               	 	<value>true</value>
            	</entry>
            	<entry key="net.sf.jasperreports.engine.export.JRXlsAbstractExporterParameter.IS_REMOVE_EMPTY_SPACE_BETWEEN_COLUMNS">
               	 	<value>true</value>
            	</entry>
            	<entry key="net.sf.jasperreports.engine.export.JRXlsAbstractExporterParameter.IS_COLLAPSE_ROW_SPAN">
               	 	<value>true</value>
            	</entry>
            	<entry key="net.sf.jasperreports.engine.export.JRXlsAbstractExporterParameter.IS_IGNORE_CELL_BACKGROUND">
               	 	<value>false</value>
            	</entry>
            	<entry key="net.sf.jasperreports.engine.export.JRHtmlExporterParameter.IS_USING_IMAGES_TO_ALIGN">
               	 	<value>false</value>
            	</entry>
        	</map>
    	</property>
		<property name="contentDispositionMappings">
            <props>
                <prop key="html">attachment; filename=WeekelyReport.html</prop>
                <prop key="xls">attachment; filename=WeekelyReport.xls</prop>
                <prop key="csv">attachment; filename=WeekelyReport.csv</prop>
            </props>
        </property>
	</bean>
	
	<!-- 	<bean id="indentReportpdf" class="org.springframework.web.servlet.view.jasperreports.JasperReportsPdfView">
		<property name="url" value="classpath:jasper/indent1.jrxml"/>
		<property name="headers">
			<props>
             <prop key="Content-Disposition">
                  attachment; filename=Report.pdf
             </prop>
         </props> 
		</property>
		
	</bean> -->
	
	
	</beans>